source,source_category,canonical_category
api,beauty,Beauty
api,fragrances,Fragrances
api,furniture,Furniture
api,groceries,Groceries
api,laptops,Laptops
api,smartphones,Smartphones
dataset,beauty,Beauty
dataset,fragrances,Fragrances
dataset,furniture,Furniture
dataset,groceries,Groceries
dataset,laptops,Laptops
dataset,smartphones,Smartphones
dataset,travel,Books
dataset,poetry,Books
dataset,business,Books
dataset,mystery,Books
web,travel,Books
web,mystery,Books
web,poetry,Books
web,science,Books
web,business,Books
